,
https://m.nexon.com/probability/705?language=ko,
고양이 비밀코드,공룡 비밀코드,왕벌 비밀코드,,
아이템 명칭,수량/기간,획득 확률,아이템 명칭,수량/기간,획득 확률,아이템 명칭,수량/기간,획득 확률,,
고양이 디지니,영구,0.41%,공룡 에띠,영구,0.41%,꿀벌 신사 모자(남),영구,0.39%,,
고양이 가방,영구,0.34%,공룡 가방,영구,0.34%,꿀벌 코스튬(남),영구,0.18%,,
고양이 발 스키드,영구,0.34%,공룡 발자국 오라,영구,0.34%,꿀벌 아가씨 모자(여),영구,0.39%,,
디지니 번호판,영구,0.34%,에띠 번호판,영구,0.34%,꿀벌 코스튬(여),영구,0.18%,,
강아지풀 밴드,영구,0.34%,강아지풀 밴드,영구,0.34%,해바라기 오라,영구,0.26%,,
디지니 스티커,2개,2.62%,에띠 스티커,2개,2.62%,스파이더,3일,2.59%,,
핑크 고양이 풍선,2개,3.93%,미니 공룡 풍선,2개,3.93%,루루,3일,5.19%,,
스파이더,3일,5.24%,스파이더,3일,5.24%,스트리트 쿨 패션(남),3일,5.19%,,
루돌프,3일,5.24%,루루,3일,5.24%,힙합 코스튬(여),3일,5.19%,,
달빛 잠옷(블루)(남),3일,15.07%,달빛 잠옷(블루)(남),3일,15.07%,확성기,1개,14.92%,,
달빛 잠옷(옐로우)(여),3일,15.07%,달빛 잠옷(옐로우)(여),3일,15.07%,펫 밀크,2개,14.92%,,
GOOD！,5개,15.07%,GOOD！,5개,15.07%,GOOD！,5개,14.92%,,
바나나,5개,15.07%,바나나,5개,15.07%,바나나,5개,14.92%,,
디지니 빨강 페인트,1일,10.48%,다오 빨강 페인트,1일,10.48%,다오 빨강 페인트,1일,10.38%,,
디지니 주황 페인트,1일,10.48%,다오 보라 페인트,1일,10.48%,디지니 빨강 페인트,1일,10.38%,,
,
일영 비밀코드,인연 비밀코드,대법관 비밀코드,,
아이템 명칭,수량/기간,획득 확률,아이템 명칭,수량/기간,획득 확률,아이템 명칭,수량/기간,획득 확률,,
일영,영구,0.41%,선녀 헤어(여),영구,0.39%,대법관 에띠,영구,0.41%,,
은월검 등장식,영구,0.34%,선녀 붉은 치마(여),영구,0.18%,왕국 법전 등장식,영구,0.34%,,
낙엽 오라,영구,0.34%,영웅 헤어(남),영구,0.39%,법전 오라,영구,0.34%,,
봄나비 밴드,영구,0.34%,영웅의 코스튬(남),영구,0.18%,별 행성 스키드,영구,0.34%,,
일영 노랑 페인트,영구,0.34%,화사한 등장식,영구,0.26%,얼음법전 풍선,2개,3.93%,,
번개 문양 검 스티커,2개,2.62%,심플한 종이우산,영구,2.58%,다로,3일,5.24%,,
다로,3일,3.93%,다로,3일,5.18%,루루,3일,5.24%,,
루루,3일,5.24%,루루,3일,5.18%,달빛 잠옷(블루)(남),3일,12.68%,,
달빛 잠옷(블루)(남),3일,5.24%,달빛 잠옷(블루)(남),3일,5.18%,달빛 잠옷(옐로우)(여),3일,12.68%,,
달빛 잠옷(옐로우)(여),3일,15.06%,달빛 잠옷(옐로우)(여),3일,14.89%,보라 행운코인,1개,12.60%,,
보라 행운코인,1개,15.06%,보라 행운코인,1개,14.89%,고급 카트 페인트,1개,12.60%,,
고급 카트 페인트,1개,15.06%,고급 카트 페인트,1개,14.89%,펫 밀크,2개,12.60%,,
펫 밀크,2개,15.06%,펫 밀크,2개,14.89%,달콤한 초월 캔디,1개,0.60%,,
GOOD！,5개,5.24%,GOOD！,5개,5.23%,GOOD！,5개,5.10%,,
바나나,5개,5.24%,바나나,5개,5.23%,바나나,5개,5.10%,,
타이어,2개,5.24%,타이어,2개,5.23%,타이어,2개,5.10%,,
미사일,2개,5.24%,미사일,2개,5.23%,미사일,2개,5.10%,,
,
백작 비밀코드,손오공 비밀코드,무림고수 디지니 비밀코드,,
아이템 명칭,수량/기간,획득 확률,아이템 명칭,수량/기간,획득 확률,아이템 명칭,수량/기간,획득 확률,,
백작 마리드,영구,0.41%,손오공,영구,0.41%,무림고수 디지니,영구,0.41%,,
진주 리본 등장식,영구,0.34%,여의봉 등장식,영구,0.34%,오페라 가면 고글,영구,0.34%,,
궁정귀족 오라,영구,0.34%,근두운 스키드,영구,0.34%,차이나 축제 오라,영구,0.34%,,
궁정귀족 스키드,영구,0.34%,줄무늬 깃털 금관,영구,0.34%,디지니 스티커,2,3.93%,,
수호기사 풍선,2,3.93%,손오공 번호판,영구,3.93%,다로,3일,5.24%,,
다로,3일,5.24%,다로,3일,5.24%,루루,3일,5.24%,,
루루,3일,5.24%,루루,3일,5.24%,달빛 잠옷(블루)(남),3일,12.68%,,
달빛 잠옷(블루)(남),3일,12.68%,달빛 잠옷(블루)(남),3일,12.68%,달빛 잠옷(옐로우)(여),3일,12.68%,,
달빛 잠옷(옐로우)(여),3일,12.68%,달빛 잠옷(옐로우)(여),3일,12.68%,보라 행운코인,1,12.60%,,
보라 행운코인,1,12.60%,보라 행운코인,1,12.60%,고급 카트 페인트,1,12.60%,,
고급 카트 페인트,1,12.60%,고급 카트 페인트,1,12.60%,펫 밀크,2,12.60%,,
펫 밀크,2,12.60%,펫 밀크,2,12.60%,달콤한 초월 캔디,1,0.60%,,
달콤한 초월 캔디,1,0.60%,달콤한 초월 캔디,1,0.60%,GOOD！,5,5.19%,,
GOOD！,5,5.10%,GOOD！,5,5.10%,바나나,5,5.19%,,
바나나,5,5.10%,바나나,5,5.10%,타이어,2,5.18%,,
타이어,2,5.10%,타이어,2,5.10%,미사일,2,5.18%,,
미사일,2,5.10%,미사일,2,5.10%,,
,
플라잉 청룡 비밀코드,타키 비밀코드,하이퍼 부스트 비밀코드,,
아이템 명칭,수량/기간,획득 확률,아이템 명칭,수량/기간,획득 확률,아이템 명칭,수량/기간,획득 확률,,
플라잉 청룡,영구,0.41%,타키,영구,0.41%,노르테유 소행성,영구,0.41%,,
차이나 폭죽 등장식,영구,0.34%,글라이더 윙,영구,0.34%,미사일 밴드,영구,0.34%,,
차이나 탕후루 스키드,영구,0.34%,타키 특제 고글,영구,0.34%,제트 윙 백팩,영구,0.34%,,
첸첸 청록 페인트,영구,3.93%,스페이스 오라,영구,0.34%,타키 진분홍 페인트,영구,3.93%,,
다로,3일,5.24%,타키 번호판,영구,3.93%,다로,3일,5.24%,,
루루,3일,5.24%,다로,3일,5.24%,스파이더,3일,5.24%,,
달빛 잠옷(블루)(남),3일,12.68%,스파이더,3일,5.24%,달빛 잠옷(블루)(남),3일,12.68%,,
달빛 잠옷(옐로우)(여),3일,12.68%,달빛 잠옷(블루)(남),3일,12.68%,달빛 잠옷(옐로우)(여),3일,12.68%,,
보라 행운코인,1,12.60%,달빛 잠옷(옐로우)(여),3일,12.68%,보라 행운코인,1,12.60%,,
고급 카트 페인트,1,12.60%,보라 행운코인,1,12.60%,고급 카트 페인트,1,12.60%,,
펫 밀크,2,12.60%,고급 카트 페인트,1,12.60%,펫 밀크,2,12.60%,,
달콤한 초월 캔디,1,0.60%,펫 밀크,2,12.60%,달콤한 초월 캔디,1,0.60%,,
GOOD！,5,5.19%,달콤한 초월 캔디,1,0.60%,GOOD！,5,5.19%,,
바나나,5,5.19%,GOOD！,5,5.10%,바나나,5,5.19%,,
타이어,2,5.18%,바나나,5,5.10%,타이어,2,5.18%,,
미사일,2,5.18%,타이어,2,5.10%,미사일,2,5.18%,,
미사일,2,5.10%,,
,
호랑이 패키지,,
아이템 명칭,수량/기간,1~190회,   201~회,스페셜찬스   191~200회,,
호랑이,영구,0.2%,10%,,
산도적 모자(남),영구,0.4%,10%,,
산도적 코스튬(남),영구,0.2%,10%,,
조심해 스키드,영구,0.4%,10%,,
조심해 오라,영구,0.4%,10%,,
비주얼+1 헤어장식,영구,0.4%,10%,,
호랑이,3일,1.0%,-,,
산도적 모자(남),3일,2.0%,-,,
산도적 코스튬(남),3일,1.2%,-,,
조심해 오라,3일,0.9%,-,,
조심해 스키드,3일,0.9%,-,,
비주얼+1 헤어장식,3일,2%,-,,
보라 행운코인,2,10%,10%,,
고급 카트 페인트,1,10%,10%,,
회중 시계,2,10%,10%,,
백호 풍선,2,20%,10%,,
할퀸 자국 스티커,1,20%,-,,
다오 서핑보드,3,20%,-,,
,
댄싱투나잇 코스튬 패키지,,
아이템 명칭,수량/기간,1~190회,   201~회,스페셜찬스   191~200회,,
댄싱투나잇 모자(남),영구,0.2%,10%,,
댄싱투나잇 코스튬(남),영구,0.2%,10%,,
댄싱투나잇 모자(여),영구,0.2%,10%,,
댄싱투나잇 코스튬(여),영구,0.2%,10%,,
댄싱투나잇 날개,영구,0.2%,10%,,
댄싱투나잇 오라,영구,0.2%,10%,,
지식의 문양 스키드,영구,0.2%,10%,,
댄싱투나잇 고글,영구,0.6%,10%,,
댄싱투나잇 모자(남),3일,1.2%,-,,
댄싱투나잇 코스튬(남),3일,0.6%,-,,
댄싱투나잇 모자(여),3일,1.2%,-,,
댄싱투나잇 코스튬(여),3일,0.6%,-,,
지식의 문양 스키드,3일,0.45%,-,,
댄싱투나잇 고글,3일,1.95%,-,,
보라 행운코인,2,10.0%,-,,
고급 카트 페인트,1,10.0%,-,,
회중 시계,2,10.0%,-,,
댄싱투나잇 풍선,2,20.0%,10%,,
댄싱투나잇 스티커,1,20.0%,10%,,
다오 서핑보드,3,22.0%,-,,
,
즐거운 아케이드 패키지,,
아이템 명칭,수량/기간,1~290회,   301~회,스페셜찬스   291~300회,,
픽셀 게임 고글,영구,0.5%,10%,,
아케이드 팡팡 오라,영구,0.2%,10%,,
게임의 달인 날개,영구,0.2%,10%,,
큐티 아케이드 헤어(여),영구,0.3%,10%,,
큐티 아케이드 코스튬(여),영구,0.3%,10%,,
핸썸 아케이드 헤어(남),영구,0.3%,10%,,
핸썸 아케이드 코스튬(남),영구,0.3%,10%,,
픽셀 게임 고글,3일,2.0%,-,,
아케이드 팡팡 오라,3일,1.0%,-,,
게임의 달인 날개,3일,1.0%,-,,
큐티 아케이드 헤어(여),3일,1.5%,-,,
큐티 아케이드 코스튬(여),3일,1.5%,-,,
핸썸 아케이드 헤어(남),3일,1.5%,-,,
핸썸 아케이드 코스튬(남),3일,1.5%,-,,
게임패드 풍선,2,15.0%,10%,,
보라 행운코인,2,13.0%,-,,
회중 시계,2,15.0%,-,,
다오 서핑보드,3,15.0%,-,,
고급 카트 페인트,1,15.0%,10%,,
게임패드 스티커,1,15.0%,10%,,
,
발렌타인 스윗박스,,
아이템 명칭,수량/기간,1~97회,201회~,스페셜찬스1   98~100회,101~190회,스페셜찬스2   191~200회,,
발렌타인 사랑해 안경,영구,0.4%,20%,0.4%,10%,,
발렌타인 사랑해 핸드봉,영구,0.4%,20%,0.4%,10%,,
발렌타인 사랑해 날개,영구,0.2%,-,0.2%,10%,,
발렌타인 사랑해 오라,영구,0.2%,-,0.2%,10%,,
발렌타인 사랑해 밴드,영구,0.4%,20%,0.4%,10%,,
발렌타인 사랑해 풍선,10,1.7%,20%,1.7%,10%,,
발렌타인 사랑해 스티커,2,1.7%,20%,1.7%,10%,,
발렌타인 사랑해 안경,3일,4.0%,-,4.0%,-,,
발렌타인 사랑해 핸드봉,3일,4.0%,-,4.0%,-,,
발렌타인 사랑해 날개,3일,2.0%,-,2.0%,-,,
발렌타인 사랑해 오라,3일,2.0%,-,2.0%,-,,
발렌타인 사랑해 밴드,3일,4.0%,-,4.0%,-,,
발렌타인 사랑해 풍선,3,17.0%,-,17.0%,-,,
발렌타인 사랑해 스티커,1,17.0%,-,17.0%,-,,
보라 행운코인,2,10.0%,-,10.0%,-,,
고급 카트 페인트,1,10.0%,-,10.0%,10%,,
회중 시계,2,10.0%,-,10.0%,10%,,
다오 서핑보드,3,15.0%,-,15.0%,10%,,
,
상큼 트로피컬 패키지,,
아이템 명칭,수량/기간,1~290회,   301~회,스페셜찬스   291~300회,,
수박맛 아이스바 헤어장식,영구,0.25%,10%,,
상큼 트로피컬 헤어(남),영구,0.25%,10%,,
상큼 트로피컬 코스튬(남),영구,0.30%,10%,,
상큼 트로피컬 헤어(여),영구,0.30%,10%,,
푸딩은 맛있어 등장식,영구,0.20%,10%,,
상큼 트로피컬 코스튬(여),영구,0.20%,10%,,
과일 천국 오라,영구,0.50%,10%,,
상큼 트로피컬 헤어(여),3일,1.50%,-,,
상큼 트로피컬 코스튬(여),3일,1.50%,-,,
푸딩은 맛있어 등장식,3일,1.50%,-,,
상큼 트로피컬 헤어(남),3일,1.50%,-,,
상큼 트로피컬 코스튬(남),3일,1.00%,-,,
과일 천국 오라,3일,1.00%,-,,
수박맛 아이스바 헤어장식,3일,2.00%,-,,
고급 카트 페인트,1,13.00%,-,,
딸기 푸딩 스티커,1,15.00%,-,,
보라 행운코인,2,15.00%,-,,
회중 시계,2,15.00%,10%,,
딸기 푸딩 풍선,2,15.00%,10%,,
다오 서핑보드,3,15.00%,10%,,
,
시즌패스 선물함,,
아이템 명칭,수량/기간,확률,,
보라 행운코인,10,8.75%,,
보라 행운코인,15,4.37%,,
보라 행운코인,20,1.46%,,
주황 행운코인,10,8.75%,,
주황 행운코인,15,4.37%,,
주황 행운코인,20,1.46%,,
루찌,13000,8.75%,,
루찌,19000,13.11%,,
루찌,39000,4.37%,,
루찌,49000,1.46%,,
에너지 크리스탈,6900,8.75%,,
에너지 크리스탈,9000,13.11%,,
에너지 크리스탈,19000,1.46%,,
펫 밀크,230,4.37%,,
펫 밀크,280,8.75%,,
펫 밀크,380,1.46%,,
고급 카트 페인트,6개,2.92%,,
고급 카트 페인트,9개,1.46%,,
고급 카트 페인트,12개,0.73%,,
디지니 빨강 페인트,30일,0.14%,,
,
에너지 크리스탈 보물상자,,
아이템명,수량,확률,,
에너지 크리스탈,900개,53.53%,,
1000개,21.41%,,
1100개,10.71%,,
1200개,6.42%,,
1300개,4.28%,,
1400개,2.14%,,
1500개,0.86%,,
1600개,0.43%,,
1700개,0.21%,,
,
1회 오픈 시 행운치 획득 확률,5회, 10회 오픈 시 행운치 획득 확률,,
행운치,확률,1회 당 행운치,확률,,
1,33.33%,2,50%,,
2,33.33%,3,50%,,
3,33.33%,,
,
와일드 사막,월드 파리 드라이브,로맨틱 그리스,,
아이템 명칭,수량,확률,아이템 명칭,수량,확률,아이템 명칭,수량,확률,,
열정의 야자수,1,0.13%,열정의 야자수,1,0.13%,열정의 야자수,1,0.14%,,
코너 나무 울타리,1,0.13%,코너 나무 울타리,1,0.13%,코너 나무 울타리,1,0.13%,,
벌목 작업대,1,0.13%,벌목 작업대,1,0.13%,벌목 작업대,1,0.14%,,
원목 아치 문,1,0.28%,원목 아치 문,1,0.29%,원목 아치 문,1,0.29%,,
원목 테이블 세트,1,0.29%,원목 테이블 세트,1,0.29%,원목 테이블 세트,1,0.29%,,
싱그러운 꽃밭,1,0.27%,싱그러운 꽃밭,1,0.27%,싱그러운 꽃밭,1,0.28%,,
우아한 벤치,1,0.27%,우아한 벤치,1,0.27%,우아한 벤치,1,0.27%,,
길쭉한 나무 울타리,1,0.24%,길쭉한 나무 울타리,1,0.24%,길쭉한 나무 울타리,1,0.25%,,
아프로디테 아치 문,1,0.34%,아프로디테 아치 문,1,0.35%,아프로디테 아치 문,1,0.35%,,
깃발 가로등,1,0.39%,깃발 가로등,1,0.40%,깃발 가로등,1,0.40%,,
돌받침 화단,1,0.51%,돌받침 화단,1,0.51%,돌받침 화단,1,0.53%,,
프랑스 오동나무,1,0.51%,프랑스 오동나무,1,0.51%,프랑스 오동나무,1,0.51%,,
푸른 난간,1,0.43%,푸른 난간,1,0.43%,푸른 난간,1,0.45%,,
에펠탑 아치 문,1,0.60%,에펠탑 아치 문,1,0.62%,에펠탑 아치 문,1,0.62%,,
사각형 나무 울타리,1,0.66%,사각형 나무 울타리,1,0.67%,사각형 나무 울타리,1,0.67%,,
선인장 꽃밭,1,0.59%,선인장 꽃밭,1,0.59%,선인장 꽃밭,1,0.62%,,
목제 아치 문,1,0.59%,목제 아치 문,1,0.59%,목제 아치 문,1,0.59%,,
황야의 나무,1,0.93%,황야의 나무,1,0.93%,황야의 나무,1,0.97%,,
원목 난간,1,1.30%,원목 난간,1,1.33%,원목 난간,1,1.33%,,
원목 코너,1,1.22%,원목 코너,1,1.24%,원목 코너,1,1.24%,,
푸른 짧은 난간,1,1.10%,푸른 짧은 난간,1,1.10%,푸른 짧은 난간,1,1.15%,,
버섯,1,1.10%,버섯,1,1.10%,버섯,1,1.10%,,
럭셔리 타일,1,0.93%,럭셔리 타일,1,0.93%,럭셔리 타일,1,0.97%,,
햇빛 야자나무,1,1.40%,햇빛 야자나무,1,1.44%,햇빛 야자나무,1,1.44%,,
목제 난간,1,1.32%,목제 난간,1,1.34%,목제 난간,1,1.35%,,
심플한 난간,1,1.19%,심플한 난간,1,1.19%,심플한 난간,1,1.24%,,
사막 난간,1,1.19%,사막 난간,1,1.19%,사막 난간,1,1.19%,,
가로등,1,1.01%,가로등,1,1.01%,가로등,1,1.05%,,
사막 테이블 세트,1,0.17%,캐주얼 테이블 세트,1,0.07%,지중해 테이블 세트,1,0.06%,,
사자머리 아치 문,1,0.21%,다오 조각상 분수,1,0.14%,소원 분수,1,0.13%,,
정원 측백나무,1,0.30%,정원 측백나무,1,0.30%,에게해 해먹,1,0.13%,,
목제 테이블 세트,1,0.30%,목제 테이블 세트,1,0.30%,정원 측백나무,1,0.30%,,
곧은 삼나무,1,0.42%,곧은 삼나무,1,0.42%,목제 테이블 세트,1,0.26%,,
가든코인,500,7.43%,가든코인,500,7.43%,가든코인,500,7.43%,,
가든코인,600,7.43%,가든코인,600,7.43%,가든코인,600,7.43%,,
가든코인,700,7.43%,가든코인,700,7.43%,가든코인,700,7.43%,,
가든코인,800,7.43%,가든코인,800,7.43%,가든코인,800,7.43%,,
GOOD！,2,6.19%,GOOD！,2,6.19%,GOOD！,2,6.19%,,
GOOD！,3,6.19%,GOOD！,3,6.19%,GOOD！,3,6.19%,,
GOOD！,4,6.19%,GOOD！,4,6.19%,GOOD！,4,6.19%,,
향수,2,4.64%,향수,2,4.64%,향수,2,4.64%,,
향수,3,4.64%,향수,3,4.64%,향수,3,4.64%,,
향수,4,4.64%,향수,4,4.64%,향수,4,4.64%,,
인기 배낭,1,7.43%,인기 배낭,1,7.43%,인기 배낭,1,7.43%,,
인기 배낭,2,7.43%,인기 배낭,2,7.43%,인기 배낭,2,7.43%,,
인기 배낭,3,2.48%,인기 배낭,3,2.48%,인기 배낭,3,2.48%,,
,
비치 해변 드라이브,도검,얼음왕국,,
아이템 명칭,수량,확률,아이템 명칭,수량,확률,아이템 명칭,수량,확률,,
바다별 전시장,1,0.02%,검의 문,1,0.20%,얼음왕국 분수,1,0.08%,,
바닷바람 아치 문,1,0.14%,연못,1,0.13%,얼음왕국 성문,1,0.07%,,
비치 짧은 난간,1,0.78%,연꽃 봉오리,1,0.23%,크리스탈 기둥,1,0.59%,,
비치 난간,1,0.51%,도검 분수,1,0.11%,얼음왕국 전망대,1,0.07%,,
비치 코너,1,1.13%,도검 짧은 난간,1,1.10%,크리스탈 난간,1,0.62%,,
어서 오세요!,1,0.69%,도검 난간,1,0.61%,크리스탈 받침,1,1.08%,,
모래조각 배찌,1,0.02%,도검 코너,1,1.03%,크리스탈 트리,1,0.18%,,
해바라기,1,0.36%,노송,1,0.23%,미니 스노우 블록,1,0.63%,,
대왕 야자,1,0.47%,정자,1,0.11%,스노우 블록,1,0.59%,,
비치 테이블 세트,1,0.05%,석등,1,0.55%,스노우 코너,1,0.15%,,
오리 수영장,1,0.01%,오작교,1,0.04%,크리스탈 테이블 세트,1,0.03%,,
소원 분수,1,0.15%,바위산,1,0.12%,바닷바람 아치 문,1,0.15%,,
우아한 벤치,1,0.18%,오목판,1,0.23%,어서 오세요!,1,0.68%,,
에펠탑 아치 문,1,0.43%,분홍 버드나무,1,0.45%,해바라기,1,1.29%,,
심플한 난간,1,1.13%,다오 조각상 분수,1,0.14%,대왕 야자,1,0.72%,,
싱그러운 꽃밭,1,0.34%,캐주얼 테이블 세트,1,0.07%,캐주얼 테이블 세트,1,0.06%,,
돌받침 화단,1,0.68%,우아한 벤치,1,0.29%,다오 조각상 분수,1,0.18%,,
짧고 심플한 난간,1,1.56%,에펠탑 아치 문,1,0.99%,에펠탑 아치 문,1,0.63%,,
프랑스 오동나무,1,0.43%,깃발 가로등,1,1.34%,깃발 가로등,1,0.84%,,
사자머리 아치 문,1,0.18%,정원 측백나무,1,0.34%,정원 측백나무,1,0.39%,,
사막 테이블 세트,1,0.18%,사자머리 아치 문,1,0.25%,사자머리 아치 문,1,0.22%,,
다오 조각상 분수,1,0.16%,사막 테이블 세트,1,0.15%,사막 테이블 세트,1,0.21%,,
사막 난간,1,0.78%,목제 아치 문,1,1.15%,목제 아치 문,1,0.74%,,
사막 짧은 난간,1,2.03%,목제 테이블 세트,1,1.12%,목제 테이블 세트,1,0.70%,,
선인장 꽃밭,1,0.56%,선인장 꽃밭,1,0.69%,선인장 꽃밭,1,0.78%,,
햇빛 야자나무,1,1.49%,햇빛 야자나무,1,1.52%,햇빛 야자나무,1,1.36%,,
황야의 나무,1,1.47%,황야의 나무,1,1.19%,황야의 나무,1,1.65%,,
벌목 작업대,1,0.10%,벌목 작업대,1,0.31%,벌목 작업대,1,0.20%,,
원목 테이블 세트,1,0.22%,원목 테이블 세트,1,0.97%,원목 테이블 세트,1,0.61%,,
원목 난간,1,1.04%,원목 난간,1,1.27%,원목 난간,1,1.43%,,
원목 코너,1,1.37%,원목 코너,1,1.40%,원목 코너,1,1.25%,,
버섯,1,1.47%,버섯,1,1.19%,버섯,1,1.65%,,
곧은 삼나무,1,0.32%,곧은 삼나무,1,0.96%,곧은 삼나무,1,0.62%,,
가든코인,500,7.43%,가든코인,500,7.43%,가든코인,500,7.43%,,
가든코인,600,7.43%,가든코인,600,7.43%,가든코인,600,7.43%,,
가든코인,700,7.43%,가든코인,700,7.43%,가든코인,700,7.43%,,
가든코인,800,7.43%,가든코인,800,7.43%,가든코인,800,7.43%,,
GOOD！,2,6.19%,GOOD！,2,6.19%,GOOD！,2,6.19%,,
GOOD！,3,6.19%,GOOD！,3,6.19%,GOOD！,3,6.19%,,
GOOD！,4,6.19%,GOOD！,4,6.19%,GOOD！,4,6.19%,,
향수,2,4.64%,향수,2,4.64%,향수,2,4.64%,,
향수,3,4.64%,향수,3,4.64%,향수,3,4.64%,,
향수,4,4.64%,향수,4,4.64%,향수,4,4.64%,,
인기 배낭,1,7.43%,인기 배낭,1,7.43%,인기 배낭,1,7.43%,,
인기 배낭,2,7.43%,인기 배낭,2,7.43%,인기 배낭,2,7.43%,,
인기 배낭,3,2.48%,인기 배낭,3,2.48%,인기 배낭,3,2.48%,,
,
차이나 테마,우주여행,동화나라,,
아이템 명칭,수량,확률,아이템 명칭,수량,확률,아이템 명칭,수량,확률,,
연회 테이블 세트,1,0.05%,알록달록 행성 관측대,1,0.03%,챔피언 배찌 분수대,1,0.03%,,
차이나 등불 가로등,1,0.73%,다용도 작업대,1,0.03%,동화나라 테이블 세트,1,0.04%,,
겨울 노천탕,1,0.04%,인증 장치,1,0.15%,가로등,1,0.55%,,
고층 누각,1,0.04%,라이더 모의 조종석,1,0.05%,레인보우 난간,1,0.67%,,
아늑한 회랑,1,0.09%,수신 안테나,1,0.04%,삼색 풍선 장식,1,0.46%,,
벚나무,1,0.07%,우주기지 게이트,1,0.22%,클로버 체스말,1,0.52%,,
기와 담장 코너,1,1.12%,간이 조명 장치,1,0.55%,스페이드 체스말,1,0.58%,,
기와 담장,1,0.79%,칸막이,1,0.68%,하트 체스말,1,0.48%,,
기와 담장 대문,1,0.17%,안전 짧은 난간,1,1.23%,다이아 체스말,1,0.59%,,
차이나 등불 대문,1,0.14%,안전 난간,1,0.64%,작은 나무 울타리,1,1.25%,,
크리스탈 난간,1,0.87%,안전 코너,1,1.43%,무지개 아치 문,1,0.16%,,
크리스탈 받침,1,1.27%,아늑한 회랑,1,0.09%,모래조각 배찌,1,0.03%,,
미니 스노우 블록,1,0.78%,기와 담장 코너,1,1.07%,안전 짧은 난간,1,1.35%,,
스노우 블록,1,0.46%,기와 담장,1,0.74%,안전 난간,1,0.75%,,
스노우 코너,1,0.16%,기와 담장 대문,1,0.16%,안전 코너,1,1.26%,,
캐주얼 테이블 세트,1,0.10%,캐주얼 테이블 세트,1,0.07%,캐주얼 테이블 세트,1,0.07%,,
다오 조각상 분수,1,0.16%,다오 조각상 분수,1,0.22%,다오 조각상 분수,1,0.17%,,
에펠탑 아치 문,1,0.60%,에펠탑 아치 문,1,0.59%,에펠탑 아치 문,1,0.49%,,
깃발 가로등,1,0.49%,깃발 가로등,1,0.51%,깃발 가로등,1,0.44%,,
정원 측백나무,1,0.55%,정원 측백나무,1,0.39%,정원 측백나무,1,0.37%,,
사자머리 아치 문,1,0.27%,사자머리 아치 문,1,0.28%,사자머리 아치 문,1,0.27%,,
사막 테이블 세트,1,0.22%,사막 테이블 세트,1,0.16%,사막 테이블 세트,1,0.16%,,
목제 아치 문,1,0.79%,목제 아치 문,1,1.09%,목제 아치 문,1,0.82%,,
목제 테이블 세트,1,0.46%,목제 테이블 세트,1,0.33%,목제 테이블 세트,1,0.34%,,
선인장 꽃밭,1,0.70%,선인장 꽃밭,1,0.69%,선인장 꽃밭,1,0.84%,,
햇빛 야자나무,1,1.65%,햇빛 야자나무,1,1.71%,햇빛 야자나무,1,1.14%,,
금색 야자수,1,2.02%,금색 야자수,1,1.43%,금색 야자수,1,1.35%,,
벌목 작업대,1,0.19%,벌목 작업대,1,0.18%,벌목 작업대,1,0.22%,,
원목 테이블 세트,1,0.34%,원목 테이블 세트,1,0.47%,원목 테이블 세트,1,0.25%,,
원목 난간,1,1.46%,원목 난간,1,2.01%,원목 난간,1,1.51%,,
원목 코너,1,1.68%,원목 코너,1,1.23%,원목 코너,1,1.26%,,
버섯,1,1.30%,버섯,1,1.28%,버섯,1,1.55%,,
곧은 삼나무,1,0.69%,곧은 삼나무,1,0.70%,곧은 삼나무,1,0.48%,,
가든코인,500,7.43%,가든코인,500,7.43%,가든코인,500,7.43%,,
가든코인,600,7.43%,가든코인,600,7.43%,가든코인,600,7.43%,,
가든코인,700,7.43%,가든코인,700,7.43%,가든코인,700,7.43%,,
가든코인,800,7.43%,가든코인,800,7.43%,가든코인,800,7.43%,,
GOOD！,2,6.19%,GOOD！,2,6.19%,GOOD！,2,6.19%,,
GOOD！,3,6.19%,GOOD！,3,6.19%,GOOD！,3,6.19%,,
GOOD！,4,6.19%,GOOD！,4,6.19%,GOOD！,4,6.19%,,
향수,2,4.64%,향수,2,4.64%,향수,2,4.64%,,
향수,3,4.64%,향수,3,4.64%,향수,3,4.64%,,
향수,4,4.64%,향수,4,4.64%,향수,4,4.64%,,
인기 배낭,1,7.43%,인기 배낭,1,7.43%,인기 배낭,1,7.43%,,
인기 배낭,2,7.43%,인기 배낭,2,7.43%,인기 배낭,2,7.43%,,
인기 배낭,3,2.48%,인기 배낭,3,2.48%,인기 배낭,3,2.48%,,
,
월드,황금문명,님프,,
아이템 명칭,수량,확률,아이템 명칭,수량,확률,아이템 명칭,수량,확률,,
직진 도로,1,1.31%,황금 카파에 토템,1,0.05%,무지개 연못,1,0.07%,,
횡단보도,1,1.38%,황금 아치 문,1,0.19%,님프 수호목,1,0.04%,,
교차로,1,1.27%,황금매 제단,1,0.03%,태양의 분수대,1,0.03%,,
별 모양 타일,1,1.88%,황금 보석 기둥,1,0.63%,달의 분수대,1,0.05%,,
빨간 장미 울타리,1,0.58%,황금 신전,1,0.04%,님프 하늘 다리,1,0.05%,,
빨간 장미 코너 울타리,1,0.56%,황금 마력 토템,1,0.14%,님프 데크,1,0.14%,,
노랑 장미 울타리,1,0.28%,황금 담장,1,0.42%,님프 계단,1,0.17%,,
노랑 장미 코너 울타리,1,0.54%,야자 나무,1,0.15%,님프 하늘 데크,1,0.15%,,
전화 부스,1,0.09%,황금 코너 담장,1,1.42%,님프 하늘 계단,1,0.18%,,
도시 가로등,1,0.58%,금 무늬 코너,1,1.18%,별의 문,1,0.17%,,
낭만의 마이룸,1,0.02%,황금 정원,1,0.03%,초록 수호목,1,0.10%,,
산속 정자 마이룸,1,0.02%,에메랄드 계단,1,0.48%,축복 정원,1,0.05%,,
빅 브릿지 마이룸,1,0.01%,금 무늬 난간,1,0.63%,기원의 기둥,1,0.61%,,
파리의 철탑,1,0.02%,황금 타일,1,2.26%,분홍 수정구,1,0.52%,,
겨울 노천탕,1,0.04%,태양신 타일,1,0.59%,파란 수정구,1,0.66%,,
코너 타일,1,1.31%,캐주얼 테이블 세트,1,0.05%,금박 타일,1,2.48%,,
횡단보도 타일,1,1.38%,다오 조각상 분수,1,0.16%,백옥 난간,1,1.29%,,
직진 타일,1,1.27%,에펠탑 아치 문,1,0.59%,에펠탑 아치 문,1,0.74%,,
라벤더 풀밭,1,1.02%,깃발 가로등,1,0.47%,깃발 가로등,1,0.44%,,
분홍 낭만 아치문,1,0.30%,정원 측백나무,1,0.28%,정원 측백나무,1,0.47%,,
분홍 낭만 짧은 난간,1,1.25%,사자머리 아치 문,1,0.25%,사자머리 아치 문,1,0.31%,,
분홍 낭만 난간,1,0.27%,사막 테이블 세트,1,0.23%,사막 테이블 세트,1,0.23%,,
분홍 낭만 해먹,1,0.06%,목제 아치 문,1,0.78%,목제 아치 문,1,0.83%,,
분홍 낭만 테이블,1,0.02%,목제 테이블 세트,1,0.47%,목제 테이블 세트,1,0.48%,,
선인장 꽃밭,1,0.34%,선인장 꽃밭,1,0.69%,선인장 꽃밭,1,0.86%,,
햇빛 야자나무,1,0.64%,햇빛 야자나무,1,1.57%,햇빛 야자나무,1,1.48%,,
금색 야자수,1,0.87%,금색 야자수,1,1.04%,금색 야자수,1,1.73%,,
벌목 작업대,1,0.08%,벌목 작업대,1,0.18%,벌목 작업대,1,0.22%,,
원목 테이블 세트,1,0.20%,원목 테이블 세트,1,0.34%,원목 테이블 세트,1,0.36%,,
원목 난간,1,1.34%,원목 난간,1,1.45%,원목 난간,1,1.78%,,
원목 코너,1,0.60%,원목 코너,1,1.74%,원목 코너,1,1.59%,,
버섯,1,0.64%,버섯,1,1.27%,버섯,1,1.37%,,
곧은 삼나무,1,0.26%,곧은 삼나무,1,0.65%,곧은 삼나무,1,0.78%,,
가든코인,500,7.43%,가든코인,500,7.43%,가든코인,500,7.43%,,
가든코인,600,7.43%,가든코인,600,7.43%,가든코인,600,7.43%,,
가든코인,700,7.43%,가든코인,700,7.43%,가든코인,700,7.43%,,
가든코인,800,7.43%,가든코인,800,7.43%,가든코인,800,7.43%,,
GOOD！,2,6.19%,GOOD！,2,6.19%,GOOD！,2,6.19%,,
GOOD！,3,6.19%,GOOD！,3,6.19%,GOOD！,3,6.19%,,
GOOD！,4,6.19%,GOOD！,4,6.19%,GOOD！,4,6.19%,,
향수,2,4.64%,향수,2,4.64%,향수,2,4.64%,,
향수,3,4.64%,향수,3,4.64%,향수,3,4.64%,,
향수,4,4.64%,향수,4,4.64%,향수,4,4.64%,,
인기 배낭,1,7.43%,인기 배낭,1,7.43%,인기 배낭,1,7.43%,,
인기 배낭,2,7.43%,인기 배낭,2,7.43%,인기 배낭,2,7.43%,,
인기 배낭,3,2.48%,인기 배낭,3,2.48%,인기 배낭,3,2.48%,,
,
신화,팩토리,해적,,
아이템 명칭,수량,확률,아이템 명칭,수량,확률,아이템 명칭,수량,확률,,
진실의 수정 제단,1,0.10%,사운드 시스템,1,0.04%,인어 디지니 조각상,1,0.06%,,
수정 아치 문,1,0.34%,오래된 티비,1,0.82%,해적 망루 대문,1,0.29%,,
천둥신의 신전,1,0.03%,에너지 저장소,1,0.05%,해적 감시탑,1,0.06%,,
수정석 기둥,1,0.73%,딱딱한 소파(직선),1,0.68%,해적왕의 보물,1,0.03%,,
황금 신전,1,0.04%,딱딱한 소파(코너),1,0.62%,해변의 나무 다리,1,0.05%,,
황금 마력 토템,1,0.14%,자가 수리 장치,1,0.04%,달의 분수대,1,0.03%,,
수정석 난간,1,0.45%,미니 오락기,1,0.16%,해적선 난간,1,0.45%,,
야자 나무,1,0.15%,원형 탁자(분홍),1,1.02%,태양의 분수대,1,0.03%,,
수정석 짧은 난간,1,1.46%,안전 난간,1,0.54%,대포 마이룸 장식,1,0.25%,,
수정석 코너 난간,1,1.18%,안전 코너 난간,1,1.29%,해적선 코너 난간,1,1.21%,,
황금 정원,1,0.03%,펭 트리오 조각상,1,0.04%,님프 하늘 다리,1,0.03%,,
에메랄드 계단,1,0.48%,수정 아치 문,1,0.31%,님프 데크,1,0.21%,,
금 무늬 난간,1,0.63%,수정석 기둥,1,0.67%,님프 계단,1,0.21%,,
수정석 타일,1,2.25%,수정석 난간,1,0.75%,돌바닥 타일,1,2.24%,,
태양신 타일,1,0.57%,수정석 짧은 난간,1,1.15%,순금 타일,1,2.16%,,
캐주얼 테이블 세트,1,0.05%,캐주얼 테이블 세트,1,0.09%,캐주얼 테이블 세트,1,0.05%,,
다오 조각상 분수,1,0.15%,다오 조각상 분수,1,0.14%,다오 조각상 분수,1,0.11%,,
에펠탑 아치 문,1,0.59%,에펠탑 아치 문,1,0.66%,에펠탑 아치 문,1,0.60%,,
깃발 가로등,1,0.47%,깃발 가로등,1,0.42%,깃발 가로등,1,0.58%,,
정원 측백나무,1,0.28%,정원 측백나무,1,0.47%,정원 측백나무,1,0.28%,,
사자머리 아치 문,1,0.25%,사자머리 아치 문,1,0.23%,사자머리 아치 문,1,0.31%,,
사막 테이블 세트,1,0.20%,사막 테이블 세트,1,0.18%,사막 테이블 세트,1,0.32%,,
목제 아치 문,1,0.76%,목제 아치 문,1,0.67%,목제 아치 문,1,0.54%,,
목제 테이블 세트,1,0.42%,목제 테이블 세트,1,0.38%,목제 테이블 세트,1,0.67%,,
선인장 꽃밭,1,0.69%,선인장 꽃밭,1,0.77%,선인장 꽃밭,1,0.70%,,
햇빛 야자나무,1,1.57%,햇빛 야자나무,1,1.40%,햇빛 야자나무,1,1.93%,,
금색 야자수,1,1.04%,금색 야자수,1,1.73%,금색 야자수,1,1.04%,,
벌목 작업대,1,0.18%,벌목 작업대,1,0.20%,벌목 작업대,1,0.19%,,
원목 테이블 세트,1,0.33%,원목 테이블 세트,1,0.29%,원목 테이블 세트,1,0.23%,,
원목 난간,1,1.40%,원목 난간,1,1.24%,원목 난간,1,1.00%,,
원목 코너,1,1.57%,원목 코너,1,1.39%,원목 코너,1,2.49%,,
버섯,1,1.27%,버섯,1,1.42%,버섯,1,1.30%,,
곧은 삼나무,1,0.65%,곧은 삼나무,1,0.58%,곧은 삼나무,1,0.80%,,
가든코인,500,7.43%,가든코인,500,7.43%,가든코인,500,7.43%,,
가든코인,600,7.43%,가든코인,600,7.43%,가든코인,600,7.43%,,
가든코인,700,7.43%,가든코인,700,7.43%,가든코인,700,7.43%,,
가든코인,800,7.43%,가든코인,800,7.43%,가든코인,800,7.43%,,
GOOD！,2,6.19%,GOOD！,2,6.19%,GOOD！,2,6.19%,,
GOOD！,3,6.19%,GOOD！,3,6.19%,GOOD！,3,6.19%,,
GOOD！,4,6.19%,GOOD！,4,6.19%,GOOD！,4,6.19%,,
향수,2,4.64%,향수,2,4.64%,향수,2,4.64%,,
향수,3,4.64%,향수,3,4.64%,향수,3,4.64%,,
향수,4,4.64%,향수,4,4.64%,향수,4,4.64%,,
인기 배낭,1,7.43%,인기 배낭,1,7.43%,인기 배낭,1,7.43%,,
인기 배낭,2,7.43%,인기 배낭,2,7.43%,인기 배낭,2,7.43%,,
인기 배낭,3,2.48%,인기 배낭,3,2.48%,인기 배낭,3,2.48%,,
,
- 블랙B 센터   이벤트 기간: 2022/1/21 ~ 2022/5/31,,
블랙B 센터 구간별 보상,,
구간,명칭,수량,,
구간1,윌리엄 검정 페인트,영구,,
블랙 비틀 풍선,50,,
배찌 선물상자,30,,
구간2,W의 의지,영구,,
윌리엄 번호판,영구,,
윌리엄 보라 페인트,영구,,
시간 여행 스키드,영구,,
통찰의 눈,영구,,
거대 시공회로 오라,영구,,
윌리엄 스티커,20,,
구간3,W의 날개,영구,,
윌리엄,영구,,
블랙 비틀,영구,,
,
- 골든P 센터   이벤트 기간: 2022/3/18 ~ 2022/7/26,,
골든P 센터   구간별 보상,,
구간,명칭,수량,,
구간1,레전드 기념 배지,20,,
골든 네오 풍선,50,,
배찌 선물상자,30,,
구간2,골든 네오 드론,영구,,
골든 네오 번호판,영구,,
골든 네오 검정 페인트,영구,,
골든 네오 스키드,영구,,
골든 네오 글래스,영구,,
골든 네오 오라,영구,,
골든 네오 스티커,20,,
구간3,골든 네오 날개,영구,,
골든 네오,영구,,
골든 파라곤,영구,,
,
구간,아이템,수량,확률,,
1~30회 내에 구간1의 특별 보상 1회 획득 가능,구간1 특별 보상,1,5%,,
미사일,2,15%,,
타이어,2,12%,,
GOOD!,2,9%,,
향수,2,8%,,
시크릿 스크롤,7,6%,,
시크릿 스크롤,5,17%,,
시크릿 스크롤,3,28%,,
31~60회 내에 구간1의 특별 보상 1회 획득 가능,구간1 특별 보상,1,5%,,
미사일,2,15%,,
타이어,2,12%,,
GOOD!,2,9%,,
향수,2,8%,,
시크릿 스크롤,7,6%,,
시크릿 스크롤,5,17%,,
시크릿 스크롤,3,28%,,
61~90회 내에 구간1의 특별 보상 1회 획득 가능,구간1 특별 보상,1,5%,,
미사일,2,15%,,
타이어,2,12%,,
GOOD!,2,9%,,
향수,2,8%,,
시크릿 스크롤,7,6%,,
시크릿 스크롤,5,17%,,
시크릿 스크롤,3,28%,,
91~120회 내에 구간2의 특별 보상 1회 획득 가능,구간2 특별 보상,1,5%,,
미사일,2,15%,,
타이어,2,12%,,
GOOD!,2,9%,,
향수,2,8%,,
시크릿 스크롤,7,6%,,
시크릿 스크롤,5,17%,,
시크릿 스크롤,3,28%,,
121~150회 내에 구간2의 특별 보상 1회 획득 가능,구간2 특별 보상,1,5%,,
미사일,2,15%,,
타이어,2,12%,,
GOOD!,2,9%,,
향수,2,8%,,
시크릿 스크롤,7,6%,,
시크릿 스크롤,5,17%,,
시크릿 스크롤,3,28%,,
151~180회 내에 구간2의 특별 보상 1회 획득 가능,구간2 특별 보상,1,5%,,
미사일,2,15%,,
타이어,2,12%,,
GOOD!,2,9%,,
향수,2,8%,,
시크릿 스크롤,7,6%,,
시크릿 스크롤,5,17%,,
시크릿 스크롤,3,28%,,
181~200회 내에 구간2의 특별 보상 1회 획득 가능,구간2 특별 보상,1,5%,,
미사일,2,15%,,
타이어,2,12%,,
GOOD!,2,9%,,
향수,2,8%,,
시크릿 스크롤,7,6%,,
시크릿 스크롤,5,17%,,
시크릿 스크롤,3,28%,,
201~220회 내에 구간2의 특별 보상 1회 획득 가능,구간2 특별 보상,1,5%,,
미사일,2,15%,,
타이어,2,12%,,
GOOD!,2,9%,,
향수,2,8%,,
시크릿 스크롤,7,6%,,
시크릿 스크롤,5,17%,,
시크릿 스크롤,3,28%,,
221~240회 내에 구간2의 특별 보상 1회 획득 가능,구간2 특별 보상,1,5%,,
미사일,2,15%,,
타이어,2,12%,,
GOOD!,2,9%,,
향수,2,8%,,
시크릿 스크롤,7,6%,,
시크릿 스크롤,5,17%,,
시크릿 스크롤,3,28%,,
241~260회 내에 구간2의 특별 보상 1회 획득 가능,구간2 특별 보상,1,5%,,
미사일,2,15%,,
타이어,2,12%,,
GOOD!,2,9%,,
향수,2,8%,,
시크릿 스크롤,7,6%,,
시크릿 스크롤,5,17%,,
시크릿 스크롤,3,28%,,
261~280회 내에 구간3의 특별 보상 1회 획득 가능,구간3 특별 보상,1,5%,,
미사일,2,15%,,
타이어,2,12%,,
GOOD!,2,9%,,
향수,2,8%,,
시크릿 스크롤,7,6%,,
시크릿 스크롤,5,17%,,
시크릿 스크롤,3,28%,,
281~300회 내에 구간3의 특별 보상 1회 획득 가능,구간3 특별 보상,1,5%,,
미사일,2,15%,,
타이어,2,12%,,
GOOD!,2,9%,,
향수,2,8%,,
시크릿 스크롤,7,6%,,
시크릿 스크롤,5,17%,,
시크릿 스크롤,3,28%,,
301~320회 내에 구간3의 특별 보상 1회 획득 가능,구간3 특별 보상,1,5%,,
미사일,2,15%,,
타이어,2,12%,,
GOOD!,2,9%,,
향수,2,8%,,
시크릿 스크롤,7,6%,,
시크릿 스크롤,5,17%,,
시크릿 스크롤,3,28%,,
,
일반 보상,,
아이템,수량,확률,,
바나나,15,47.06%,,
미사일,8,23.53%,,
타이어,5,15.69%,,
GOOD!,3,7.84%,,
향수,2,5.88%,,
,
단계,즉시 다음   단계 구간 조건,즉시 다음   단계 활성화 확률,뽑기 시 획득   별 포인트,,
최소치,최대치,최소,최대,,
1,8,18,50.00%,1,3,,
2,18,28,40.00%,1,3,,
3,28,38,30.00%,1,3,,
4,38,58,15.00%,1,3,,
5,48,68,10.00%,1,3,,
6,68,98,7.00%,1,4,,
7,88,128,5.00%,1,4,,
8,138,178,3.00%,2,4,,
9,198,268,1.00%,2,4,,
,
단계,즉시 다음   단계 구간 조건,즉시 다음   단계 활성화 확률,뽑기 시 획득   별 포인트,,
최소치,최대치,최소,최대,,
1,8,18,50.00%,1,3,,
2,18,28,40.00%,1,3,,
3,28,38,30.00%,1,3,,
4,38,48,15.00%,1,3,,
5,48,58,10.00%,1,3,,
6,68,78,7.00%,1,4,,
7,68,88,5.00%,1,4,,
8,98,118,3.00%,2,4,,
9,118,148,1.00%,2,4,,
,
단계,즉시 다음   단계 구간 조건,즉시 다음   단계 활성화 확률,뽑기 시 획득   별 포인트,,
최소치,최대치,최소,최대,,
1,8,18,50.00%,1,3,,
2,18,28,40.00%,1,3,,
3,28,38,30.00%,1,3,,
4,38,58,15.00%,1,3,,
5,48,68,10.00%,1,3,,
6,68,98,7.00%,1,4,,
7,88,128,5.00%,1,4,,
8,138,158,3.00%,2,4,,
9,188,238,1.00%,2,4,,
,
단계,즉시 다음   단계 구간 조건,즉시 다음   단계 활성화 확률,뽑기 시 획득   별 포인트,,
최소치,최대치,최소,최대,,
1,8,18,50.00%,1,3,,
2,18,28,40.00%,1,3,,
3,28,38,30.00%,1,3,,
4,38,58,15.00%,1,3,,
5,48,68,10.00%,1,3,,
6,68,98,7.00%,1,4,,
7,88,128,5.00%,1,4,,
8,138,178,3.00%,2,4,,
9,198,268,1.00%,2,4,,
,
단계,즉시 다음   단계 구간 조건,즉시 다음   단계 활성화 확률,뽑기 시 획득   별 포인트,,
최소치,최대치,최소,최대,,
1,8,18,50.00%,1,3,,
2,18,28,40.00%,1,3,,
3,28,38,30.00%,1,3,,
4,38,58,15.00%,1,3,,
5,48,68,10.00%,1,3,,
6,68,98,7.00%,1,4,,
7,88,128,5.00%,1,4,,
8,138,158,3.00%,2,4,,
9,168,238,1.00%,2,4,,
,
단계,즉시 다음   단계 구간 조건,즉시 다음   단계 활성화 확률,뽑기 시 획득   별 포인트,,
최소치,최대치,최소,최대,,
1,8,18,50.00%,1,3,,
2,18,28,40.00%,1,3,,
3,28,38,30.00%,1,3,,
4,38,48,15.00%,1,3,,
5,48,68,10.00%,1,3,,
6,68,88,7.00%,1,4,,
7,98,108,5.00%,1,4,,
8,128,138,3.00%,2,4,,
9,148,168,1.00%,2,4,,
,
단계,즉시 다음   단계 구간 조건,즉시 다음   단계 활성화 확률,뽑기 시 획득   별 포인트,,
최소치,최대치,최소,최대,,
1,8,18,50.00%,1,3,,
2,18,28,40.00%,1,3,,
3,28,38,30.00%,1,3,,
4,38,58,15.00%,1,3,,
5,48,68,10.00%,1,3,,
6,68,98,7.00%,1,4,,
7,88,128,5.00%,1,4,,
8,158,188,3.00%,2,4,,
9,208,258,1.00%,2,4,,
,
단계,즉시 다음   단계 구간 조건,즉시 다음   단계 활성화 확률,뽑기 시 획득   별 포인트,,
최소치,최대치,최소,최대,,
1,8,18,50.00%,1,3,,
2,18,28,40.00%,1,3,,
3,28,38,30.00%,1,3,,
4,38,58,15.00%,1,3,,
5,48,68,10.00%,1,3,,
6,68,98,7.00%,1,4,,
7,88,128,5.00%,1,4,,
8,138,178,3.00%,2,4,,
9,198,268,1.00%,2,4,,
,
특별 보상,,
아이템 명칭,수량/기간,1~110회   221~회,스페셜 찬스1   111~120회,121~170회,스페셜 찬스2   171~180회,181~210회,스페셜 찬스3   211~220회,,
레드 범퍼카 번호판,영구,1.00%,10.00%,1.00%,-,1.00%,-,,
배찌 카드 얼굴장식,영구,0.80%,10.00%,0.80%,-,0.80%,-,,
화려한 불빛 오라,영구,0.50%,10.00%,0.50%,-,0.50%,-,,
오색 막대사탕 밴드,영구,0.50%,10.00%,0.50%,-,0.50%,-,,
주방장 케피,영구,0.40%,10.00%,0.40%,-,0.40%,-,,
마술사 모자(여),영구,0.25%,-,0.25%,10.00%,0.25%,-,,
마술사 코스튬(여),영구,0.25%,-,0.25%,10.00%,0.25%,-,,
달콤한 초월 캔디,1,0.20%,-,0.20%,-,0.20%,10.00%,,
펫 밀크,30,15.00%,-,15.00%,10.00%,15.00%,10.00%,,
에너지 크리스탈,1000,10.00%,10.00%,10.00%,10.00%,10.00%,10.00%,,
고급 카트 페인트,1,8.00%,10.00%,8.00%,10.00%,8.00%,10.00%,,
GOOD！,1,10.00%,10.00%,10.00%,10.00%,10.00%,10.00%,,
보물지도,1,10.00%,10.00%,10.00%,10.00%,10.00%,10.00%,,
보라 행운코인,1,7.75%,10.00%,8.00%,10.00%,8.00%,10.00%,,
회중 시계,1,3.25%,-,3.25%,10.00%,3.25%,10.00%,,
시간의 모래시계,1,3.25%,-,3.00%,10.00%,3.00%,10.00%,,
골드 기어부품,1,0.50%,-,0.50%,-,0.50%,-,,
행운의 별 보석,1,0.75%,-,0.75%,-,0.75%,-,,
루찌,1000,15.00%,-,15.00%,-,15.00%,10.00%,,
K코인,100,10.00%,-,10.00%,-,10.00%,-,,
K코인,1000,0.60%,-,0.60%,-,0.60%,-,,
건전지,10,1.80%,-,1.80%,-,1.80%,-,,
건전지,100,0.20%,-,0.20%,-,0.20%,-,,
,
일반 보상,,
아이템 명칭,수량/기간,획득 확률,,
펫 밀크,30,15.00%,,
에너지 크리스탈,1000,10.00%,,
고급 카트 페인트,1,8.00%,,
GOOD！,1,10.00%,,
보물지도,1,10.00%,,
보라 행운코인,1,7.75%,,
회중 시계,1,4.25%,,
시간의 모래시계,1,4.25%,,
골드 기어부품,1,0.50%,,
행운의 별 보석,1,0.75%,,
루찌,1000,15.00%,,
K코인,100,10.00%,,
K코인,1000,2.50%,,
건전지,10,1.80%,,
건전지,100,0.20%,,
,